episode,timestep,reward
1,288,0.0
3,576,0.0
5,864,0.0
7,1152,0.0
9,1440,0.0
11,1728,0.0
13,2016,0.0
15,2304,0.0
17,2592,0.0
19,2880,0.0
21,3168,0.0
23,3456,0.0
25,3744,0.0
27,4032,0.0
29,4320,0.0
31,4608,0.0
33,4896,0.0
35,5184,0.0
37,5472,0.0
39,5760,0.0
41,6048,0.0
44,6336,0.2667
46,6624,0.0
48,6912,0.0
50,7200,0.0
52,7488,0.0
54,7776,0.0
56,8064,0.0
58,8352,0.0
60,8640,0.0
62,8928,0.0
64,9216,0.0
66,9504,0.0
68,9792,0.0
70,10080,0.0
72,10368,0.0
74,10656,0.0
76,10944,0.0
78,11232,0.0
80,11520,0.0
82,11808,0.0
84,12096,0.0
86,12384,0.0
88,12672,0.0
90,12960,0.0
92,13248,0.0
94,13536,0.0
96,13824,0.0
98,14112,0.0
100,14400,0.0
102,14688,0.0
104,14976,0.0
106,15264,0.0
109,15552,0.1771
111,15840,0.0
113,16128,0.0
115,16416,0.0
117,16704,0.0
119,16992,0.0
122,17280,0.2812
124,17568,0.0
126,17856,0.0594
128,18144,0.0
130,18432,0.0
132,18720,0.0
134,19008,0.0
136,19296,0.0
138,19584,0.0
140,19872,0.0
142,20160,0.0
144,20448,0.0
146,20736,0.0
148,21024,0.0
150,21312,0.0
152,21600,0.0
155,21888,0.3042
157,22176,0.0
159,22464,0.0
161,22752,0.0
163,23040,0.0
165,23328,0.0
167,23616,0.0
169,23904,0.1281
171,24192,0.0
173,24480,0.0
175,24768,0.0
177,25056,0.0
179,25344,0.0
181,25632,0.175
183,25920,0.0
185,26208,0.0
187,26496,0.2125
189,26784,0.0
191,27072,0.0
193,27360,0.0
195,27648,0.0
198,27936,0.2063
200,28224,0.0
202,28512,0.0
204,28800,0.0
206,29088,0.1687
208,29376,0.0
210,29664,0.0
213,29952,0.1479
215,30240,0.0
217,30528,0.0
219,30816,0.0
221,31104,0.0
223,31392,0.0
225,31680,0.0
227,31968,0.0
229,32256,0.0
231,32544,0.0
233,32832,0.0562
235,33120,0.0
237,33408,0.0
239,33696,0.0
241,33984,0.0
243,34272,0.0
245,34560,0.0
247,34848,0.0
249,35136,0.0
251,35424,0.0
253,35712,0.0
255,36000,0.0
257,36288,0.0
259,36576,0.0
261,36864,0.0
263,37152,0.3656
265,37440,0.0
267,37728,0.0
270,38016,0.3021
272,38304,0.0
274,38592,0.0
276,38880,0.0
279,39168,0.2854
281,39456,0.175
283,39744,0.0
285,40032,0.1156
287,40320,0.0
289,40608,0.0
291,40896,0.0
293,41184,0.0
295,41472,0.0
297,41760,0.0781
300,42048,0.3021
303,42336,0.1479
305,42624,0.0
307,42912,0.2531
309,43200,0.0
311,43488,0.0
313,43776,0.0
315,44064,0.0
317,44352,0.0
319,44640,0.0
321,44928,0.0
323,45216,0.0625
325,45504,0.0
327,45792,0.0
329,46080,0.0
331,46368,0.0844
333,46656,0.0
335,46944,0.0
337,47232,0.0
339,47520,0.0
341,47808,0.0
343,48096,0.0
345,48384,0.0
347,48672,0.0
350,48960,0.2229
352,49248,0.0
354,49536,0.0
356,49824,0.1562
358,50112,0.0
360,50400,0.0
362,50688,0.0
364,50976,0.0
367,51264,0.2333
369,51552,0.0
371,51840,0.0
373,52128,0.0
375,52416,0.0
377,52704,0.0
379,52992,0.2281
381,53280,0.0
384,53568,0.2188
386,53856,0.0
388,54144,0.0
390,54432,0.0
392,54720,0.0
394,55008,0.0
396,55296,0.0
398,55584,0.0
400,55872,0.0
402,56160,0.0
404,56448,0.0
406,56736,0.0
408,57024,0.0
410,57312,0.0
412,57600,0.0
414,57888,0.2438
416,58176,0.0
418,58464,0.0
420,58752,0.0
422,59040,0.0
425,59328,0.2917
427,59616,0.15
429,59904,0.0
431,60192,0.0
434,60480,0.1146
436,60768,0.0
438,61056,0.0
440,61344,0.0
442,61632,0.0
444,61920,0.0
446,62208,0.0
448,62496,0.0
450,62784,0.0
452,63072,0.0
454,63360,0.0
456,63648,0.3125
458,63936,0.0
460,64224,0.0
462,64512,0.0
464,64800,0.0
466,65088,0.0
468,65376,0.0
470,65664,0.0
472,65952,0.0
474,66240,0.0
476,66528,0.0
478,66816,0.0
480,67104,0.0
482,67392,0.0
484,67680,0.0
486,67968,0.0
489,68256,0.1479
491,68544,0.0
493,68832,0.0
495,69120,0.0
497,69408,0.0
499,69696,0.0
501,69984,0.0
503,70272,0.0
505,70560,0.0687
507,70848,0.0
509,71136,0.0
511,71424,0.0
513,71712,0.0
515,72000,0.0
517,72288,0.0
519,72576,0.0
521,72864,0.0
523,73152,0.0
525,73440,0.4094
527,73728,0.0
529,74016,0.0
531,74304,0.0
533,74592,0.0
535,74880,0.0
537,75168,0.0
539,75456,0.0
541,75744,0.0
543,76032,0.0
545,76320,0.0
547,76608,0.0
549,76896,0.0
551,77184,0.0
553,77472,0.0
555,77760,0.0
557,78048,0.0
559,78336,0.0
561,78624,0.0
563,78912,0.0
565,79200,0.0
567,79488,0.0
570,79776,0.1708
572,80064,0.1031
574,80352,0.0
576,80640,0.0
578,80928,0.0
580,81216,0.0
583,81504,0.2646
585,81792,0.0
587,82080,0.0
589,82368,0.0
591,82656,0.2219
593,82944,0.1656
595,83232,0.0
597,83520,0.0
599,83808,0.0
602,84096,0.2479
604,84384,0.0
606,84672,0.0
609,84960,0.1771
611,85248,0.0
613,85536,0.0
616,85824,0.3167
618,86112,0.0
620,86400,0.0
622,86688,0.3063
624,86976,0.0
626,87264,0.0
628,87552,0.0
630,87840,0.0
632,88128,0.0
634,88416,0.0
636,88704,0.0
638,88992,0.0
641,89280,0.3
643,89568,0.0
645,89856,0.0
647,90144,0.0
650,90432,0.2958
652,90720,0.0
654,91008,0.0
656,91296,0.0
658,91584,0.0
660,91872,0.3063
662,92160,0.0
664,92448,0.0
666,92736,0.0
668,93024,0.0594
670,93312,0.0
672,93600,0.0
676,93888,0.4078
678,94176,0.0
680,94464,0.0
682,94752,0.0
686,95040,0.4016
688,95328,0.0
692,95616,0.5703
694,95904,0.0
696,96192,0.0
698,96480,0.0
700,96768,0.0
703,97056,0.2708
705,97344,0.2938
707,97632,0.0
709,97920,0.0
711,98208,0.0
713,98496,0.0
715,98784,0.0
717,99072,0.0
719,99360,0.0
721,99648,0.0
723,99936,0.0875
725,100224,0.0
727,100512,0.0
729,100800,0.0
731,101088,0.0
733,101376,0.0
735,101664,0.0
738,101952,0.1687
740,102240,0.0
742,102528,0.0
744,102816,0.0
746,103104,0.4344
748,103392,0.0
750,103680,0.0
752,103968,0.0
755,104256,0.1042
757,104544,0.0
759,104832,0.0
761,105120,0.0
763,105408,0.0
765,105696,0.0
767,105984,0.3187
770,106272,0.1396
773,106560,0.5563
775,106848,0.0
779,107136,0.4109
781,107424,0.05
783,107712,0.0
785,108000,0.0
788,108288,0.2521
791,108576,0.3833
793,108864,0.0
795,109152,0.0
797,109440,0.0
799,109728,0.0
802,110016,0.4833
804,110304,0.0531
806,110592,0.0
808,110880,0.0
811,111168,0.1979
813,111456,0.0
815,111744,0.0
817,112032,0.0
819,112320,0.0
822,112608,0.4375
824,112896,0.075
826,113184,0.0
828,113472,0.0
830,113760,0.0
832,114048,0.0
835,114336,0.2229
837,114624,0.0
839,114912,0.0
841,115200,0.2938
844,115488,0.4375
846,115776,0.0
848,116064,0.0
850,116352,0.0
852,116640,0.0
854,116928,0.0
856,117216,0.0
859,117504,0.1937
862,117792,0.2958
864,118080,0.0
866,118368,0.0
868,118656,0.0
870,118944,0.0
872,119232,0.0
874,119520,0.1781
877,119808,0.2792
881,120096,0.5375
884,120384,0.4708
886,120672,0.0
889,120960,0.275
891,121248,0.0
893,121536,0.0
895,121824,0.2094
897,122112,0.0
899,122400,0.0
901,122688,0.0
903,122976,0.0
905,123264,0.0
907,123552,0.0
909,123840,0.0
911,124128,0.0
913,124416,0.0
916,124704,0.2354
918,124992,0.0
920,125280,0.0
922,125568,0.0
925,125856,0.2583
927,126144,0.0
930,126432,0.4042
932,126720,0.0
934,127008,0.0
936,127296,0.225
938,127584,0.0
940,127872,0.1625
942,128160,0.0
944,128448,0.0
946,128736,0.0
949,129024,0.1542
951,129312,0.0
953,129600,0.3625
955,129888,0.0
957,130176,0.0
960,130464,0.1854
962,130752,0.1781
964,131040,0.0
966,131328,0.0
968,131616,0.0
970,131904,0.0
972,132192,0.0
975,132480,0.1979
977,132768,0.0
979,133056,0.0
981,133344,0.0
983,133632,0.0
985,133920,0.0
987,134208,0.0
989,134496,0.0
991,134784,0.0
993,135072,0.0
995,135360,0.0
997,135648,0.0
1000,135936,0.2521
1002,136224,0.3125
1005,136512,0.2125
1007,136800,0.0
1009,137088,0.0
1011,137376,0.0
1013,137664,0.4125
1016,137952,0.1292
1018,138240,0.3812
1020,138528,0.0
1022,138816,0.0
1024,139104,0.0
1027,139392,0.2521
1029,139680,0.0
1031,139968,0.1063
1033,140256,0.0
1035,140544,0.0
1038,140832,0.3958
1040,141120,0.0
1042,141408,0.0
1045,141696,0.1729
1048,141984,0.2354
1050,142272,0.0
1052,142560,0.1156
1054,142848,0.0
1056,143136,0.0
1060,143424,0.5719
1062,143712,0.0
1064,144000,0.1344
1067,144288,0.2979
1070,144576,0.2687
1072,144864,0.0
1075,145152,0.2646
1077,145440,0.4313
1081,145728,0.3094
1083,146016,0.4125
1086,146304,0.2542
1088,146592,0.0
1090,146880,0.0
1092,147168,0.0
1094,147456,0.0
1096,147744,0.2156
1099,148032,0.1354
1101,148320,0.0
1103,148608,0.3219
1105,148896,0.0
1108,149184,0.0833
1110,149472,0.0
1112,149760,0.0
1114,150048,0.0
1117,150336,0.4146
1119,150624,0.0
1121,150912,0.0
1123,151200,0.2812
1125,151488,0.0
1127,151776,0.2437
1130,152064,0.2167
1132,152352,0.0
1134,152640,0.0
1136,152928,0.0
1138,153216,0.1156
1140,153504,0.0
1142,153792,0.0
1144,154080,0.0
1146,154368,0.0
1148,154656,0.0
1150,154944,0.0
1152,155232,0.0
1154,155520,0.0
1156,155808,0.0
1158,156096,0.0
1160,156384,0.0
1162,156672,0.0
1164,156960,0.0
1166,157248,0.0
1168,157536,0.0
1170,157824,0.1094
1173,158112,0.2771
1175,158400,0.0
1177,158688,0.0
1179,158976,0.0
1181,159264,0.0
1183,159552,0.0
1185,159840,0.0
1187,160128,0.0
1189,160416,0.0
1191,160704,0.0
1193,160992,0.0
1196,161280,0.2333
1198,161568,0.0
1200,161856,0.0
1202,162144,0.0
1204,162432,0.0
1206,162720,0.0
1208,163008,0.0
1211,163296,0.2979
1213,163584,0.0
1215,163872,0.3187
1218,164160,0.1917
1220,164448,0.3063
1222,164736,0.0
1224,165024,0.0
1226,165312,0.0
1228,165600,0.0
1230,165888,0.0
1232,166176,0.0
1234,166464,0.0
1236,166752,0.0
1239,167040,0.2479
1241,167328,0.0
1243,167616,0.225
1246,167904,0.1146
1248,168192,0.2438
1250,168480,0.0
1253,168768,0.2958
1256,169056,0.3771
1260,169344,0.3969
1262,169632,0.0
1264,169920,0.0
1266,170208,0.0
1268,170496,0.2313
1270,170784,0.0
1272,171072,0.2875
1276,171360,0.4437
1278,171648,0.0
1281,171936,0.2229
1283,172224,0.0
1285,172512,0.0
1287,172800,0.0625
1290,173088,0.2667
1292,173376,0.2281
1295,173664,0.2896
1298,173952,0.4354
1300,174240,0.0
1302,174528,0.0
1304,174816,0.0
1306,175104,0.2438
1310,175392,0.3844
1313,175680,0.4229
1316,175968,0.2188
1318,176256,0.0
1320,176544,0.0
1322,176832,0.0
1324,177120,0.4469
1327,177408,0.1458
1329,177696,0.0
1331,177984,0.0
1333,178272,0.0969
1335,178560,0.0
1337,178848,0.1937
1340,179136,0.2708
1342,179424,0.0
1344,179712,0.1281
1346,180000,0.0
1348,180288,0.0
1351,180576,0.2083
1354,180864,0.2583
1356,181152,0.0
1358,181440,0.0
1360,181728,0.0
1363,182016,0.4604
1366,182304,0.45
1368,182592,0.0
1371,182880,0.2625
1373,183168,0.2625
1376,183456,0.2104
1379,183744,0.2521
1381,184032,0.2062
1384,184320,0.2042
1386,184608,0.0
1388,184896,0.3438
1390,185184,0.0
1393,185472,0.2646
1395,185760,0.0562
1397,186048,0.0
1400,186336,0.2333
1402,186624,0.4219
1406,186912,0.3234
1408,187200,0.0
1410,187488,0.0
1412,187776,0.4281
1414,188064,0.0
1416,188352,0.0656
1418,188640,0.0
1421,188928,0.3125
1423,189216,0.1406
1425,189504,0.0
1429,189792,0.2891
1431,190080,0.0
1434,190368,0.4979
1436,190656,0.0
1438,190944,0.0
1440,191232,0.0
1442,191520,0.0
1445,191808,0.2312
1448,192096,0.4188
1450,192384,0.0
1452,192672,0.0
1454,192960,0.0
1456,193248,0.0
1458,193536,0.0
1460,193824,0.0
1462,194112,0.0
1464,194400,0.0
1466,194688,0.3125
1469,194976,0.1646
1471,195264,0.0
1474,195552,0.4396
1478,195840,0.4297
1480,196128,0.3625
1483,196416,0.2542
1486,196704,0.1625
1488,196992,0.0
1491,197280,0.6187
1493,197568,0.0
1495,197856,0.0
1497,198144,0.0
1499,198432,0.0
1501,198720,0.1281
1505,199008,0.3719
1507,199296,0.2125
1511,199584,0.5297
1513,199872,0.0
1515,200160,0.0
1517,200448,0.0
1520,200736,0.2479
1522,201024,0.3375
1526,201312,0.3141
1528,201600,0.1375
1530,201888,0.2344
1533,202176,0.1708
1535,202464,0.0
1537,202752,0.0
1539,203040,0.0
1541,203328,0.0
1543,203616,0.0
1546,203904,0.3604
1548,204192,0.0969
1550,204480,0.0
1552,204768,0.3
1554,205056,0.0
1557,205344,0.2396
1559,205632,0.0
1562,205920,0.3167
1564,206208,0.0
1566,206496,0.0
1568,206784,0.3031
1571,207072,0.1125
1573,207360,0.0
1576,207648,0.4583
1578,207936,0.2188
1581,208224,0.1646
1583,208512,0.0
1586,208800,0.2687
1589,209088,0.4542
1591,209376,0.0
1594,209664,0.2479
1596,209952,0.4406
1598,210240,0.0
1600,210528,0.0
1603,210816,0.1687
1605,211104,0.0
1607,211392,0.0
1610,211680,0.4958
1614,211968,0.3609
1616,212256,0.1
1619,212544,0.5917
1621,212832,0.0
1623,213120,0.0
1625,213408,0.0
1627,213696,0.0
1629,213984,0.0
1631,214272,0.0
1634,214560,0.2875
1637,214848,0.1167
1641,215136,0.525
1643,215424,0.1844
1645,215712,0.2594
1648,216000,0.1458
1650,216288,0.0
1652,216576,0.1719
1654,216864,0.2156
1657,217152,0.1875
1660,217440,0.5396
1662,217728,0.0
1665,218016,0.2917
1667,218304,0.0
1670,218592,0.1917
1673,218880,0.5896
1675,219168,0.0
1679,219456,0.4016
1683,219744,0.4922
1685,220032,0.0875
1688,220320,0.4
1690,220608,0.0
1693,220896,0.2125
1695,221184,0.3625
1699,221472,0.3922
1702,221760,0.2458
1704,222048,0.3906
1706,222336,0.0
1710,222624,0.4734
1713,222912,0.3604
1717,223200,0.4234
1719,223488,0.0
1721,223776,0.0
1723,224064,0.0
1725,224352,0.2281
1727,224640,0.0
1730,224928,0.1417
1732,225216,0.0
1734,225504,0.0
1736,225792,0.1063
1739,226080,0.4375
1742,226368,0.2437
1744,226656,0.2031
1746,226944,0.0
1748,227232,0.0
1750,227520,0.0
1752,227808,0.0
1754,228096,0.0
1757,228384,0.2583
1759,228672,0.0
1761,228960,0.2844
1764,229248,0.1438
1766,229536,0.0
1770,229824,0.5203
1772,230112,0.3969
1775,230400,0.1479
1777,230688,0.0
1779,230976,0.3812
1781,231264,0.0
1783,231552,0.0
1785,231840,0.0
1789,232128,0.3688
1791,232416,0.3063
1793,232704,0.0
1798,232992,0.4463
1800,233280,0.0
1802,233568,0.3062
1805,233856,0.2312
1807,234144,0.0
1809,234432,0.0
1811,234720,0.0
1813,235008,0.2156
1816,235296,0.2312
1818,235584,0.3063
1820,235872,0.0
1823,236160,0.1333
1825,236448,0.0
1827,236736,0.0
1829,237024,0.4
1832,237312,0.2958
1834,237600,0.0
1836,237888,0.0
1840,238176,0.4672
1842,238464,0.0
1844,238752,0.0
1846,239040,0.0
1848,239328,0.0
1850,239616,0.0
1852,239904,0.0
1855,240192,0.3521
1857,240480,0.0
1860,240768,0.2687
1862,241056,0.0
1864,241344,0.2719
1867,241632,0.175
1869,241920,0.0
1871,242208,0.0
1874,242496,0.4708
1878,242784,0.4313
1882,243072,0.5359
1885,243360,0.4292
1887,243648,0.0
1889,243936,0.0
1891,244224,0.0
1893,244512,0.0
1895,244800,0.0
1898,245088,0.2479
1901,245376,0.4104
1904,245664,0.3104
1906,245952,0.2781
1908,246240,0.1094
1911,246528,0.1979
1914,246816,0.2854
1916,247104,0.0
1918,247392,0.2313
1921,247680,0.2542
1923,247968,0.0
1925,248256,0.0
1927,248544,0.0
1930,248832,0.3542
1933,249120,0.25
1935,249408,0.0
1937,249696,0.0
1939,249984,0.0
1941,250272,0.4156
1943,250560,0.0
1946,250848,0.2917
1949,251136,0.4396
1951,251424,0.0
1956,251712,0.5037
1959,252000,0.3542
1962,252288,0.4271
1965,252576,0.275
1968,252864,0.3
1971,253152,0.3
1973,253440,0.0
1975,253728,0.1375
1977,254016,0.0
1980,254304,0.2896
1983,254592,0.2979
1986,254880,0.4083
1988,255168,0.1656
1991,255456,0.1917
1993,255744,0.225
1995,256032,0.0
1997,256320,0.2625
2000,256608,0.2729
2003,256896,0.2938
2006,257184,0.3604
2009,257472,0.5125
2011,257760,0.0
2014,258048,0.275
2018,258336,0.4672
2020,258624,0.0
2023,258912,0.4833
2025,259200,0.0
2028,259488,0.2437
2031,259776,0.2958
2034,260064,0.2437
2037,260352,0.5875
2041,260640,0.4422
2043,260928,0.1219
2048,261216,0.53
2051,261504,0.4792
2054,261792,0.2708
2056,262080,0.3844
2058,262368,0.0
2062,262656,0.3703
2064,262944,0.2406
2067,263232,0.2917
2070,263520,0.4437
2073,263808,0.3708
2076,264096,0.1479
2079,264384,0.2854
2082,264672,0.2979
2084,264960,0.3937
2088,265248,0.3359
2090,265536,0.0
2094,265824,0.5234
2097,266112,0.5229
2099,266400,0.2031
2101,266688,0.0719
2107,266976,0.6573
2110,267264,0.2687
2113,267552,0.3896
2115,267840,0.2438
2118,268128,0.2521
2120,268416,0.0
2125,268704,0.4775
2128,268992,0.4104
2130,269280,0.0
2132,269568,0.0
2134,269856,0.35
2136,270144,0.0
2138,270432,0.0
2141,270720,0.2208
2145,271008,0.3969
2149,271296,0.5359
2151,271584,0.4344
2153,271872,0.0
2156,272160,0.0917
2158,272448,0.0
2160,272736,0.15
2163,273024,0.2896
2166,273312,0.3688
2168,273600,0.0
2170,273888,0.1188
2173,274176,0.2312
2176,274464,0.4583
2179,274752,0.5271
2181,275040,0.0
2185,275328,0.3875
2189,275616,0.4578
2192,275904,0.4542
2194,276192,0.0
2197,276480,0.4813
2201,276768,0.5516
2204,277056,0.2646
2207,277344,0.4208
2209,277632,0.0
2212,277920,0.3771
2214,278208,0.0
2217,278496,0.3479
2221,278784,0.4344
2223,279072,0.325
2227,279360,0.3
2229,279648,0.0
2231,279936,0.0
2234,280224,0.5146
2237,280512,0.2625
2239,280800,0.0
2242,281088,0.3021
2245,281376,0.4354
2248,281664,0.2729
2251,281952,0.4542
2253,282240,0.2438
2256,282528,0.3021
2258,282816,0.0
2261,283104,0.275
2264,283392,0.1812
2266,283680,0.0
2269,283968,0.475
2271,284256,0.0
2273,284544,0.2094
2277,284832,0.3359
2281,285120,0.4984
2283,285408,0.0
2285,285696,0.275
2287,285984,0.0
2290,286272,0.4937
2293,286560,0.2417
2296,286848,0.3667
2298,287136,0.2
2301,287424,0.1042
2305,287712,0.55
2308,288000,0.5333
2311,288288,0.2646
2315,288576,0.5
2318,288864,0.2563
2320,289152,0.0
2322,289440,0.0
2324,289728,0.4094
2326,290016,0.0
2329,290304,0.2354
2333,290592,0.5219
2335,290880,0.0
2337,291168,0.0
2339,291456,0.15
2343,291744,0.3141
2345,292032,0.0
2347,292320,0.4344
2352,292608,0.4862
2356,292896,0.4391
2358,293184,0.2
2362,293472,0.5797
2364,293760,0.0
2366,294048,0.0
2370,294336,0.5047
2374,294624,0.4453
2378,294912,0.5422
2381,295200,0.2771
2384,295488,0.5687
2388,295776,0.3875
2390,296064,0.0
2393,296352,0.3563
2396,296640,0.3125
2399,296928,0.2833
2402,297216,0.4562
2404,297504,0.0
2407,297792,0.3083
2409,298080,0.2812
2411,298368,0.0
2416,298656,0.5125
2419,298944,0.2854
2422,299232,0.3563
2424,299520,0.3
2426,299808,0.0
2430,300096,0.4406
2433,300384,0.2667
2436,300672,0.5021
2440,300960,0.4109
2445,301248,0.6713
2448,301536,0.2708
2452,301824,0.6125
2456,302112,0.4125
2459,302400,0.3729
2463,302688,0.525
2465,302976,0.0
2467,303264,0.0
2469,303552,0.25
2472,303840,0.3479
2475,304128,0.2812
2478,304416,0.3208
2482,304704,0.6766
2486,304992,0.3422
2489,305280,0.4479
2492,305568,0.4167
2494,305856,0.0
2496,306144,0.1719
2498,306432,0.0
2501,306720,0.2125
2504,307008,0.3292
2506,307296,0.0687
2510,307584,0.6547
2514,307872,0.3875
2516,308160,0.1375
2520,308448,0.4938
2522,308736,0.2313
2525,309024,0.4125
2529,309312,0.4734
2532,309600,0.4771
2534,309888,0.0
2539,310176,0.4963
2542,310464,0.6229
2545,310752,0.3042
2548,311040,0.2604
2552,311328,0.5328
2558,311616,0.6229
2564,311904,0.7062
2566,312192,0.1156
2568,312480,0.3812
2570,312768,0.0
2573,313056,0.3125
2575,313344,0.0
2581,313632,0.6948
2583,313920,0.0
2587,314208,0.3797
2590,314496,0.3625
2594,314784,0.4422
2598,315072,0.6422
2602,315360,0.4297
2604,315648,0.425
2608,315936,0.4141
2611,316224,0.4375
2614,316512,0.2792
2619,316800,0.6075
2621,317088,0.0
2623,317376,0.3375
2627,317664,0.3609
2631,317952,0.5906
2634,318240,0.4292
2636,318528,0.1437
2639,318816,0.3167
2641,319104,0.0
2645,319392,0.5016
2648,319680,0.3271
2653,319968,0.555
2655,320256,0.0
2660,320544,0.6212
2662,320832,0.3719
2667,321120,0.61
2669,321408,0.0
2672,321696,0.2896
2675,321984,0.2896
2679,322272,0.6109
2684,322560,0.6075
2688,322848,0.4
2691,323136,0.2896
2697,323424,0.7229
2701,323712,0.5953
2703,324000,0.0
2707,324288,0.4125
2709,324576,0.0594
2711,324864,0.2844
2713,325152,0.2313
2716,325440,0.2729
2719,325728,0.2312
2722,326016,0.3854
2726,326304,0.4219
2728,326592,0.1125
2730,326880,0.0
2733,327168,0.4042
2736,327456,0.2729
2739,327744,0.5438
2744,328032,0.4738
2746,328320,0.2156
2750,328608,0.5813
2753,328896,0.225
2756,329184,0.4125
2759,329472,0.2854
2762,329760,0.5812
2766,330048,0.3531
2772,330336,0.7438
2776,330624,0.4562
2778,330912,0.0
2780,331200,0.0
2783,331488,0.45
2785,331776,0.0
2789,332064,0.4172
2791,332352,0.0
2793,332640,0.0
2795,332928,0.0
2798,333216,0.45
2801,333504,0.2687
2804,333792,0.3896
2807,334080,0.3854
2810,334368,0.3896
2813,334656,0.3292
2816,334944,0.3375
2819,335232,0.4583
2823,335520,0.5344
2828,335808,0.5325
2831,336096,0.3646
2834,336384,0.4521
2836,336672,0.1469
2839,336960,0.2479
2844,337248,0.615
2846,337536,0.1531
2849,337824,0.2854
2852,338112,0.4438
2856,338400,0.4906
2860,338688,0.5172
2863,338976,0.375
2866,339264,0.4917
2872,339552,0.6146
2877,339840,0.715
2880,340128,0.2896
2883,340416,0.3354
2888,340704,0.6062
2890,340992,0.0
2895,341280,0.6438
2898,341568,0.4208
2900,341856,0.2062
2903,342144,0.2958
2906,342432,0.5625
2912,342720,0.6156
2916,343008,0.6281
2918,343296,0.0
2923,343584,0.52
2928,343872,0.6763
2930,344160,0.2969
2934,344448,0.3719
2937,344736,0.2625
2943,345024,0.776
2949,345312,0.5833
2951,345600,0.2781
2956,345888,0.495
2959,346176,0.4083
2962,346464,0.4125
2966,346752,0.5453
2968,347040,0.2094
2970,347328,0.0
2973,347616,0.3021
2976,347904,0.225
2980,348192,0.5469
2982,348480,0.0
2985,348768,0.5354
2989,349056,0.4188
2991,349344,0.1094
2995,349632,0.4141
2999,349920,0.4234
3002,350208,0.5958
3006,350496,0.3594
3008,350784,0.3906
3011,351072,0.2708
3016,351360,0.5763
3020,351648,0.4219
3024,351936,0.6
3028,352224,0.4547
3031,352512,0.5312
3037,352800,0.6229
3041,353088,0.4922
3047,353376,0.7625
3049,353664,0.1094
3055,353952,0.6177
3060,354240,0.7075
3065,354528,0.5875
3070,354816,0.6462
3072,355104,0.0
3078,355392,0.6635
3085,355680,0.808
3090,355968,0.5662
3095,356256,0.65
3097,356544,0.0
3100,356832,0.2687
3105,357120,0.6162
3109,357408,0.6656
3112,357696,0.4854
3115,357984,0.3042
3122,358272,0.6473
3125,358560,0.5729
3127,358848,0.0
3130,359136,0.3
3136,359424,0.6
3138,359712,0.1531
3142,360000,0.4031
3146,360288,0.5547
3153,360576,0.7295
3157,360864,0.5859
3160,361152,0.2979
3163,361440,0.6208
3168,361728,0.4813
3174,362016,0.6479
3177,362304,0.4521
3182,362592,0.6175
3188,362880,0.6781
3191,363168,0.6354
3196,363456,0.4838
3201,363744,0.5862
3207,364032,0.7073
3211,364320,0.6609
3216,364608,0.525
3219,364896,0.3333
3224,365184,0.5975
3228,365472,0.5609
3234,365760,0.7104
3239,366048,0.7125
3247,366336,0.7383
3254,366624,0.7357
3260,366912,0.75
3265,367200,0.66
3272,367488,0.6955
3278,367776,0.651
3285,368064,0.7625
3289,368352,0.6484
3294,368640,0.5525
3301,368928,0.8232
3304,369216,0.3958
3309,369504,0.47
3315,369792,0.7125
3319,370080,0.6297
3325,370368,0.6292
3328,370656,0.325
3334,370944,0.7833
3341,371232,0.6607
3345,371520,0.6078
3348,371808,0.3042
3357,372096,0.7764
3361,372384,0.7297
3367,372672,0.5469
3373,372960,0.6937
3378,373248,0.615
3388,373536,0.8169
3394,373824,0.7135
3403,374112,0.7979
3410,374400,0.8134
3413,374688,0.4479
3418,374976,0.4925
3427,375264,0.809
3430,375552,0.3104
3435,375840,0.78
3441,376128,0.574
3449,376416,0.8156
3455,376704,0.6781
3461,376992,0.6333
3467,377280,0.6875
3473,377568,0.7146
3479,377856,0.7542
3489,378144,0.7669
3497,378432,0.7797
3502,378720,0.6162
3508,379008,0.7062
3515,379296,0.7304
3522,379584,0.7393
3528,379872,0.6948
3530,380160,0.4656
3536,380448,0.5729
3547,380736,0.8233
3553,381024,0.8156
3562,381312,0.7188
3569,381600,0.725
3576,381888,0.758
3582,382176,0.6594
3586,382464,0.5578
3593,382752,0.7286
3595,383040,0.2625
3604,383328,0.7778
3611,383616,0.6696
3616,383904,0.6613
3620,384192,0.5375
3626,384480,0.7438
3629,384768,0.3792
3633,385056,0.6422
3642,385344,0.7215
3649,385632,0.75
3656,385920,0.75
3661,386208,0.6025
3666,386496,0.6137
3671,386784,0.6412
3675,387072,0.6438
3684,387360,0.7444
3692,387648,0.7695
3698,387936,0.7604
3701,388224,0.3875
3705,388512,0.3578
3713,388800,0.7922
3718,389088,0.5938
3725,389376,0.7455
3727,389664,0.4531
3738,389952,0.7619
3745,390240,0.8027
3752,390528,0.7643
3758,390816,0.5646
3762,391104,0.4984
3768,391392,0.675
3773,391680,0.67
3776,391968,0.4917
3783,392256,0.6813
3788,392544,0.6625
3794,392832,0.6667
3804,393120,0.8131
3810,393408,0.725
3817,393696,0.8348
3826,393984,0.7535
3835,394272,0.7313
3843,394560,0.8047
3852,394848,0.7736
3858,395136,0.6979
3869,395424,0.8352
3875,395712,0.674
3887,396000,0.849
3899,396288,0.8552
3905,396576,0.7073
3915,396864,0.8169
3919,397152,0.6078
3925,397440,0.7135
3933,397728,0.7102
3942,398016,0.7917
3953,398304,0.8358
3964,398592,0.846
3972,398880,0.7477
3979,399168,0.7875
3983,399456,0.4844
3990,399744,0.7027
3998,400032,0.7711
4009,400320,0.8375
4014,400608,0.6562
4022,400896,0.7703
4035,401184,0.863
4040,401472,0.6312
4048,401760,0.7602
4057,402048,0.8257
4066,402336,0.791
4071,402624,0.6663
4079,402912,0.7359
4086,403200,0.7884
4093,403488,0.7098
4103,403776,0.7906
4106,404064,0.3021
4114,404352,0.818
4118,404640,0.4188
4126,404928,0.7516
4133,405216,0.842
4142,405504,0.7201
4149,405792,0.7357
4161,406080,0.8474
4165,406368,0.6672
4175,406656,0.7606
4182,406944,0.7687
4188,407232,0.649
4191,407520,0.5792
4198,407808,0.658
4207,408096,0.7944
4212,408384,0.6925
4217,408672,0.6887
4223,408960,0.5479
4234,409248,0.8403
4241,409536,0.7482
4248,409824,0.8196
4260,410112,0.7823
4268,410400,0.7891
4275,410688,0.8312
4286,410976,0.7591
4292,411264,0.7385
4299,411552,0.6973
4307,411840,0.7688
4314,412128,0.8518
4326,412416,0.7771
4332,412704,0.6958
4344,412992,0.8458
4353,413280,0.8049
4363,413568,0.8331
4372,413856,0.7771
4383,414144,0.8585
4391,414432,0.7547
4399,414720,0.8445
4405,415008,0.5865
4414,415296,0.8069
4428,415584,0.8679
4438,415872,0.8219
4445,416160,0.7321
4452,416448,0.7607
4461,416736,0.7861
4470,417024,0.8319
4482,417312,0.8266
4492,417600,0.8256
4505,417888,0.8596
4517,418176,0.862
4532,418464,0.8704
4543,418752,0.8455
4555,419040,0.8375
4564,419328,0.8215
4571,419616,0.7759
4584,419904,0.8216
4591,420192,0.7598
4603,420480,0.8432
4609,420768,0.6833
4617,421056,0.7852
4624,421344,0.7527
4632,421632,0.7594
4645,421920,0.8625
4659,422208,0.883
4669,422496,0.8187
4674,422784,0.6138
4687,423072,0.849
4695,423360,0.782
4708,423648,0.8567
4716,423936,0.775
4723,424224,0.7598
4731,424512,0.757
4744,424800,0.8596
4752,425088,0.782
4763,425376,0.8318
4777,425664,0.8656
4789,425952,0.8526
4800,426240,0.8438
4812,426528,0.8427
4823,426816,0.8443
4833,427104,0.8431
4842,427392,0.7597
4850,427680,0.7766
4864,427968,0.867
4870,428256,0.7073
4882,428544,0.85
4893,428832,0.8489
4905,429120,0.8542
4911,429408,0.6781
4923,429696,0.837
4932,429984,0.7924
4946,430272,0.879
4955,430560,0.7958
4962,430848,0.7536
4972,431136,0.81
4984,431424,0.8562
4997,431712,0.8543
5006,432000,0.8021
5014,432288,0.8789
5024,432576,0.7362
5039,432864,0.8829
5052,433152,0.8625
5061,433440,0.7861
5074,433728,0.8558
5082,434016,0.7914
5087,434304,0.6575
5099,434592,0.824
5111,434880,0.8516
5126,435168,0.8854
5137,435456,0.8386
5145,435744,0.7687
5152,436032,0.7196
5159,436320,0.8241
5168,436608,0.7347
5180,436896,0.851
5189,437184,0.8042
5199,437472,0.835
5206,437760,0.7188
5218,438048,0.8417
5231,438336,0.8649
5241,438624,0.8275
5254,438912,0.8529
5264,439200,0.8287
5277,439488,0.8534
5287,439776,0.8281
5299,440064,0.8411
5311,440352,0.8854
5325,440640,0.8585
5334,440928,0.7764
5345,441216,0.8324
5362,441504,0.889
5374,441792,0.851
5378,442080,0.6375
5384,442368,0.7021
5398,442656,0.8241
5411,442944,0.8639
5413,443232,0.0
5427,443520,0.8902
5439,443808,0.8245
5445,444096,0.7031
5460,444384,0.8721
5471,444672,0.8511
5482,444960,0.825
5493,445248,0.8455
5502,445536,0.7764
5515,445824,0.862
5525,446112,0.84
5539,446400,0.8612
5549,446688,0.8181
5562,446976,0.8615
5576,447264,0.8665
5584,447552,0.8063
5599,447840,0.8671
5610,448128,0.8324
5621,448416,0.8733
5631,448704,0.7719
5645,448992,0.8701
5653,449280,0.8234
5666,449568,0.8322
5680,449856,0.8696
5687,450144,0.7375
5700,450432,0.8644
5714,450720,0.8692
5727,451008,0.8668
5741,451296,0.8647
5753,451584,0.8536
5763,451872,0.8719
5778,452160,0.8421
5790,452448,0.8479
5803,452736,0.862
5812,453024,0.7889
5828,453312,0.8883
5844,453600,0.8922
5859,453888,0.8762
5874,454176,0.8771
5890,454464,0.8891
5903,454752,0.8673
5913,455040,0.8681
5926,455328,0.8163
5938,455616,0.8495
5955,455904,0.9029
5973,456192,0.8896
5982,456480,0.8215
5999,456768,0.8798
6006,457056,0.7375
6023,457344,0.8971
6035,457632,0.8432
6042,457920,0.8071
6052,458208,0.7981
6061,458496,0.7479
6076,458784,0.88
6090,459072,0.8741
6106,459360,0.8879
6121,459648,0.8771
6137,459936,0.8926
6149,460224,0.8615
6161,460512,0.8328
6172,460800,0.8415
6180,461088,0.8617
6196,461376,0.843
6206,461664,0.8331
6218,461952,0.8182
6231,462240,0.8697
6236,462528,0.6325
6253,462816,0.8897
6263,463104,0.805
6273,463392,0.825
6282,463680,0.7896
6297,463968,0.8758
6303,464256,0.8312
6315,464544,0.8161
6323,464832,0.7953
6337,465120,0.8339
6346,465408,0.7861
6354,465696,0.7891
6369,465984,0.8708
6384,466272,0.8817
6402,466560,0.8986
6416,466848,0.8777
6434,467136,0.9024
6450,467424,0.8832
6467,467712,0.8938
6480,468000,0.8611
6494,468288,0.8696
6508,468576,0.8723
6523,468864,0.8862
6538,469152,0.8796
6553,469440,0.8796
6567,469728,0.8692
6580,470016,0.8577
6597,470304,0.8926
6612,470592,0.8812
6627,470880,0.8821
6640,471168,0.8688
6658,471456,0.892
6671,471744,0.8726
6689,472032,0.8913
6704,472320,0.8804
6721,472608,0.8956
6729,472896,0.8508
6741,473184,0.7927
6758,473472,0.8934
6778,473760,0.9078
6798,474048,0.9156
6806,474336,0.7641
6823,474624,0.8963
6840,474912,0.8941
6859,475200,0.9049
6873,475488,0.8714
6894,475776,0.9164
6911,476064,0.8882
6923,476352,0.8531
6936,476640,0.8649
6951,476928,0.8808
6966,477216,0.8742
6982,477504,0.8902
7000,477792,0.8983
7019,478080,0.9046
7038,478368,0.9062
7054,478656,0.8887
7072,478944,0.8993
7087,479232,0.8842
7102,479520,0.875
7121,479808,0.9056
7136,480096,0.8783
7152,480384,0.8918
7169,480672,0.8919
7186,480960,0.8923
7203,481248,0.8974
7219,481536,0.8914
7237,481824,0.8937
7254,482112,0.8978
7274,482400,0.9094
7290,482688,0.8879
7310,482976,0.91
7320,483264,0.8525
7335,483552,0.8554
7354,483840,0.9062
7370,484128,0.8855
7391,484416,0.9167
7411,484704,0.9109
7425,484992,0.867
7441,485280,0.8887
7459,485568,0.9014
7475,485856,0.8852
7492,486144,0.9022
7511,486432,0.902
7531,486720,0.9094
7548,487008,0.8945
7566,487296,0.8976
7584,487584,0.8976
7601,487872,0.8941
7618,488160,0.8989
7636,488448,0.8958
7654,488736,0.9045
7671,489024,0.8934
7690,489312,0.9033
7705,489600,0.8858
7723,489888,0.9024
7738,490176,0.8717
7756,490464,0.9007
7776,490752,0.9078
7794,491040,0.9115
7811,491328,0.8827
7830,491616,0.9112
7844,491904,0.8638
7865,492192,0.9128
7879,492480,0.8795
7898,492768,0.9026
7920,493056,0.9182
7934,493344,0.8714
7953,493632,0.9095
7973,493920,0.9034
7994,494208,0.9149
8014,494496,0.9113
8031,494784,0.8915
8051,495072,0.9119
8061,495360,0.8163
8081,495648,0.9109
8097,495936,0.8887
8110,496224,0.8615
8122,496512,0.8505
8135,496800,0.8894
8153,497088,0.8809
8168,497376,0.8808
8186,497664,0.8986
8205,497952,0.9092
8223,498240,0.8962
8238,498528,0.8771
8256,498816,0.8997
8273,499104,0.8941
8294,499392,0.9143
8311,499680,0.8974
8333,499968,0.9156
8350,500256,0.9169
8369,500544,0.8852
8389,500832,0.9122
8409,501120,0.9106
8427,501408,0.8983
8445,501696,0.8983
8462,501984,0.896
8482,502272,0.9119
8499,502560,0.8996
8518,502848,0.9
8537,503136,0.9049
8554,503424,0.8934
8571,503712,0.8952
8592,504000,0.9107
8613,504288,0.9146
8633,504576,0.9097
8655,504864,0.919
8675,505152,0.9119
8697,505440,0.9156
8716,505728,0.9069
8732,506016,0.8855
8751,506304,0.9069
8773,506592,0.9182
8795,506880,0.9168
8815,507168,0.9131
8834,507456,0.903
8856,507744,0.9224
8877,508032,0.9113
8898,508320,0.9131
8919,508608,0.9134
8939,508896,0.9131
8960,509184,0.9131
8982,509472,0.9168
9000,509760,0.9066
9020,510048,0.9066
9040,510336,0.9069
9060,510624,0.9125
9079,510912,0.9033
9099,511200,0.9138
9123,511488,0.9227
9141,511776,0.9104
9160,512064,0.8987
9179,512352,0.9033
9199,512640,0.9084
9221,512928,0.9202
9239,513216,0.8962
9258,513504,0.9082
9280,513792,0.9173
9299,514080,0.9082
9320,514368,0.9104
9340,514656,0.915
9360,514944,0.9075
9383,515232,0.9207
9403,515520,0.9084
9424,515808,0.9161
9446,516096,0.9185
9465,516384,0.9076
9486,516672,0.9134
9510,516960,0.9234
9530,517248,0.9106
9552,517536,0.9176
9572,517824,0.9112
9594,518112,0.9187
9617,518400,0.9185
9640,518688,0.9261
9660,518976,0.9053
9680,519264,0.9103
9700,519552,0.9125
9724,519840,0.9227
9744,520128,0.9131
9764,520416,0.9094
9785,520704,0.9122
9804,520992,0.9082
9826,521280,0.9156
9845,521568,0.9089
9868,521856,0.9201
9891,522144,0.9228
9914,522432,0.9187
9937,522720,0.9236
9958,523008,0.9149
9982,523296,0.9234
10001,523584,0.9095
10022,523872,0.9098
10040,524160,0.9024
10062,524448,0.9222
10083,524736,0.9095
10102,525024,0.9062
10125,525312,0.9226
10146,525600,0.9107
10168,525888,0.9219
10189,526176,0.9137
10211,526464,0.9168
10233,526752,0.9173
10252,527040,0.9072
10272,527328,0.9078
10294,527616,0.9196
10314,527904,0.9106
10336,528192,0.917
10359,528480,0.9209
10380,528768,0.9173
10402,529056,0.9182
10422,529344,0.9078
10444,529632,0.9187
10466,529920,0.9185
10489,530208,0.9228
10508,530496,0.9026
10532,530784,0.9258
10554,531072,0.9185
10577,531360,0.9212
10599,531648,0.9176
10619,531936,0.91
10640,532224,0.922
10661,532512,0.9083
10685,532800,0.924
10703,533088,0.9153
10724,533376,0.9027
10746,533664,0.9179
10769,533952,0.9236
10793,534240,0.9208
10816,534528,0.922
10835,534816,0.9079
10855,535104,0.9084
10878,535392,0.9209
10896,535680,0.9021
10914,535968,0.9031
10938,536256,0.9208
10960,536544,0.923
10983,536832,0.9168
11003,537120,0.9103
11025,537408,0.9202
11048,537696,0.9198
11069,537984,0.9229
11091,538272,0.9139
11113,538560,0.9159
11137,538848,0.9237
11160,539136,0.9228
11181,539424,0.9143
11204,539712,0.9201
11228,540000,0.925
11248,540288,0.9122
11272,540576,0.9255
11294,540864,0.9182
11313,541152,0.9062
11336,541440,0.9198
11357,541728,0.9173
11377,542016,0.9084
11397,542304,0.9109
11421,542592,0.9247
11443,542880,0.9187
11464,543168,0.9122
11485,543456,0.9164
11508,543744,0.9201
11531,544032,0.9236
11553,544320,0.9148
11576,544608,0.9212
11601,544896,0.9285
11623,545184,0.9185
11648,545472,0.9277
11671,545760,0.9231
11694,546048,0.9234
11716,546336,0.9142
11738,546624,0.9196
11759,546912,0.9128
11782,547200,0.9226
11803,547488,0.9176
11827,547776,0.9214
11850,548064,0.922
11869,548352,0.9109
11893,548640,0.9221
11916,548928,0.9215
11937,549216,0.9137
11960,549504,0.9228
11978,549792,0.9014
11999,550080,0.9137
12022,550368,0.9198
12043,550656,0.9146
12061,550944,0.9253
12077,551232,0.8527
12097,551520,0.9094
12120,551808,0.9228
12141,552096,0.9155
12165,552384,0.9232
12188,552672,0.922
12209,552960,0.9155
12232,553248,0.9217
12255,553536,0.9201
12280,553824,0.9283
12303,554112,0.9239
12325,554400,0.9165
12349,554688,0.9255
12369,554976,0.9094
12391,555264,0.9205
12413,555552,0.9182
12437,555840,0.9242
12460,556128,0.9217
12481,556416,0.9137
12506,556704,0.9273
12521,556992,0.915
12542,557280,0.8917
12566,557568,0.9224
12587,557856,0.9158
12607,558144,0.9091
12629,558432,0.9202
12650,558720,0.911
12669,559008,0.9092
12684,559296,0.8796
12706,559584,0.9182
12728,559872,0.9156
12751,560160,0.9209
12773,560448,0.921
12796,560736,0.9201
12818,561024,0.9176
12841,561312,0.9215
12861,561600,0.9097
12883,561888,0.9193
12904,562176,0.9155
12926,562464,0.9196
12949,562752,0.9207
12972,563040,0.9196
12996,563328,0.9268
13019,563616,0.9217
13042,563904,0.9196
13062,564192,0.9128
13084,564480,0.9179
13105,564768,0.9161
13128,565056,0.9215
13151,565344,0.9231
13176,565632,0.9253
13199,565920,0.922
13220,566208,0.9131
13240,566496,0.9091
13261,566784,0.9149
13282,567072,0.9173
13307,567360,0.925
13328,567648,0.9193
13350,567936,0.9153
13372,568224,0.9173
13392,568512,0.9125
13415,568800,0.9207
13440,569088,0.926
13462,569376,0.921
13486,569664,0.9245
13507,569952,0.9146
13530,570240,0.922
13551,570528,0.9164
13576,570816,0.924
13600,571104,0.925
13623,571392,0.9231
13646,571680,0.9198
13670,571968,0.9266
13694,572256,0.9276
13716,572544,0.9151
13735,572832,0.9056
13758,573120,0.9234
13779,573408,0.9152
13802,573696,0.9204
13825,573984,0.9209
13850,574272,0.9272
13873,574560,0.9226
13893,574848,0.9103
13916,575136,0.9217
13939,575424,0.9207
13962,575712,0.9228
13988,576000,0.9296
14013,576288,0.9275
14034,576576,0.9152
14056,576864,0.9199
14080,577152,0.9229
14103,577440,0.9217
14128,577728,0.9285
14150,578016,0.923
14175,578304,0.9237
14198,578592,0.9239
14221,578880,0.9212
14248,579168,0.9312
14270,579456,0.9199
14292,579744,0.9188
14315,580032,0.9207
14339,580320,0.924
14359,580608,0.9103
14379,580896,0.9109
14404,581184,0.9305
14425,581472,0.9119
14448,581760,0.9212
14472,582048,0.9247
14494,582336,0.919
14517,582624,0.9201
14540,582912,0.9239
14560,583200,0.9106
14580,583488,0.9088
14605,583776,0.928
14630,584064,0.9285
14654,584352,0.9247
14678,584640,0.924
14699,584928,0.914
14722,585216,0.9209
14745,585504,0.9226
14756,585792,0.829
14779,586080,0.9204
14802,586368,0.9242
14824,586656,0.9162
14849,586944,0.9273
14873,587232,0.9253
14895,587520,0.9202
14916,587808,0.914
14927,588096,0.8398
14947,588384,0.9072
14968,588672,0.9149
14989,588960,0.9155
15015,589248,0.9288
15026,589536,0.9142
15045,589824,0.8658
15064,590112,0.8977
15087,590400,0.9198
15110,590688,0.9217
15130,590976,0.91
15145,591264,0.8862
15165,591552,0.905
15188,591840,0.922
15211,592128,0.9239
15230,592416,0.9066
15246,592704,0.8855
15266,592992,0.9081
15288,593280,0.9207
15312,593568,0.9216
15332,593856,0.9097
15354,594144,0.9182
15373,594432,0.9056
15397,594720,0.9253
15419,595008,0.921
15444,595296,0.927
15468,595584,0.9234
15495,595872,0.9343
15519,596160,0.926
15540,596448,0.9119
15564,596736,0.9253
15585,597024,0.9155
15606,597312,0.9119
15629,597600,0.9236
15653,597888,0.9247
15676,598176,0.9207
15700,598464,0.9245
15725,598752,0.9287
15748,599040,0.9209
15772,599328,0.9253
15794,599616,0.9224
15820,599904,0.9274
15844,600192,0.9263
15868,600480,0.924
15890,600768,0.9216
15913,601056,0.9217
15935,601344,0.9151
15961,601632,0.9308
15984,601920,0.9234
16007,602208,0.9215
16033,602496,0.9288
16056,602784,0.9239
16081,603072,0.926
16103,603360,0.9179
16126,603648,0.9223
16148,603936,0.9188
16170,604224,0.9179
16194,604512,0.9247
16217,604800,0.9228
16241,605088,0.9263
16265,605376,0.9227
16288,605664,0.9215
16311,605952,0.9234
16335,606240,0.925
16347,606528,0.8448
16371,606816,0.9229
16393,607104,0.9168
16416,607392,0.922
16438,607680,0.9182
16462,607968,0.9276
16484,608256,0.917
16508,608544,0.9255
16532,608832,0.9255
16555,609120,0.9209
16579,609408,0.9234
16601,609696,0.9179
16625,609984,0.9253
16648,610272,0.925
16674,610560,0.9279
16695,610848,0.914
16717,611136,0.9185
16742,611424,0.9283
16768,611712,0.9322
16791,612000,0.9212
16816,612288,0.927
16839,612576,0.9228
16863,612864,0.925
16886,613152,0.9215
16907,613440,0.9143
16930,613728,0.9215
16955,614016,0.9272
16978,614304,0.9223
16999,614592,0.9146
17024,614880,0.927
17048,615168,0.9271
17071,615456,0.9209
17095,615744,0.9276
17120,616032,0.924
17143,616320,0.9234
17165,616608,0.9176
17188,616896,0.9212
17212,617184,0.9245
17236,617472,0.9281
17259,617760,0.9209
17282,618048,0.9236
17308,618336,0.9288
17332,618624,0.9229
17356,618912,0.9279
17379,619200,0.919
17401,619488,0.9219
17427,619776,0.9281
17453,620064,0.9305
17476,620352,0.922
17501,620640,0.9278
17528,620928,0.9343
17552,621216,0.924
17575,621504,0.9239
17598,621792,0.9196
17624,622080,0.9303
17649,622368,0.9287
17674,622656,0.9285
17696,622944,0.9187
17717,623232,0.9149
17741,623520,0.9242
17765,623808,0.9263
17789,624096,0.9221
17814,624384,0.9295
17838,624672,0.9253
17860,624960,0.9176
17885,625248,0.9275
17908,625536,0.9242
17930,625824,0.9162
17955,626112,0.9267
17979,626400,0.925
18005,626688,0.9308
18029,626976,0.9266
18054,627264,0.9295
18079,627552,0.9255
18102,627840,0.9255
18127,628128,0.9267
18149,628416,0.9193
18173,628704,0.9237
18197,628992,0.9242
18222,629280,0.9272
18241,629568,0.9217
18258,629856,0.8724
18281,630144,0.9209
18306,630432,0.9293
18331,630720,0.9267
18354,631008,0.9204
18377,631296,0.9247
18402,631584,0.926
18422,631872,0.91
18448,632160,0.93
18472,632448,0.9258
18487,632736,0.9212
18509,633024,0.8852
18534,633312,0.9282
18558,633600,0.9253
18582,633888,0.9263
18608,634176,0.9288
18633,634464,0.929
18657,634752,0.9234
18677,635040,0.9119
18690,635328,0.8529
18715,635616,0.927
18738,635904,0.9236
18763,636192,0.929
18784,636480,0.9131
18806,636768,0.9213
18823,637056,0.8901
18840,637344,0.9279
18862,637632,0.8861
18885,637920,0.9215
18907,638208,0.9199
18929,638496,0.9205
18955,638784,0.9274
18972,639072,0.9276
18990,639360,0.8656
19015,639648,0.9263
19039,639936,0.9253
19064,640224,0.929
19087,640512,0.9223
19113,640800,0.9284
19136,641088,0.9247
19163,641376,0.9306
19188,641664,0.9287
19211,641952,0.9231
19234,642240,0.9204
19256,642528,0.9213
19280,642816,0.9245
19304,643104,0.9229
19330,643392,0.9308
19352,643680,0.9199
19376,643968,0.9258
19402,644256,0.9303
19425,644544,0.9207
19449,644832,0.9234
19475,645120,0.9308
19497,645408,0.9185
19521,645696,0.9247
19547,645984,0.9325
19571,646272,0.9242
19595,646560,0.926
19619,646848,0.9234
19644,647136,0.9277
19668,647424,0.9263
19692,647712,0.9232
19713,648000,0.9152
19737,648288,0.9253
19759,648576,0.9219
19780,648864,0.9116
19803,649152,0.9198
19827,649440,0.9255
19850,649728,0.9217
19872,650016,0.9179
19897,650304,0.928
19919,650592,0.9176
19942,650880,0.9217
19965,651168,0.9217
19987,651456,0.9202
20008,651744,0.9167
20034,652032,0.9279
20057,652320,0.9212
20082,652608,0.929
20104,652896,0.9173
20126,653184,0.9207
20151,653472,0.929
20175,653760,0.9232
20200,654048,0.9267
20223,654336,0.9223
20247,654624,0.924
20272,654912,0.9295
20295,655200,0.9228
20319,655488,0.9224
20340,655776,0.9176
20364,656064,0.9219
20387,656352,0.9231
20409,656640,0.9187
20433,656928,0.9234
20456,657216,0.9217
20479,657504,0.9239
20504,657792,0.9263
20525,658080,0.9146
20548,658368,0.9234
20574,658656,0.9332
20600,658944,0.9269
20624,659232,0.925
20647,659520,0.922
20669,659808,0.917
20693,660096,0.9263
20718,660384,0.9293
20743,660672,0.9272
20767,660960,0.9242
20790,661248,0.9239
20816,661536,0.9305
20839,661824,0.9201
20863,662112,0.9263
20888,662400,0.9258
20912,662688,0.9268
20936,662976,0.9237
20960,663264,0.9258
20983,663552,0.9236
21006,663840,0.919
21030,664128,0.925
21051,664416,0.9152
21073,664704,0.9188
21094,664992,0.9149
21119,665280,0.926
21143,665568,0.9247
21167,665856,0.9253
21190,666144,0.9217
21212,666432,0.9193
21237,666720,0.9287
21260,667008,0.9209
21285,667296,0.9298
21309,667584,0.9224
21335,667872,0.93
21360,668160,0.929
21383,668448,0.9223
21405,668736,0.9179
21431,669024,0.9303
21454,669312,0.9215
21477,669600,0.9234
21502,669888,0.9267
21526,670176,0.9245
21546,670464,0.9241
21568,670752,0.9054
21590,671040,0.9187
21614,671328,0.9247
21637,671616,0.9239
21662,671904,0.9262
21688,672192,0.9303
21711,672480,0.9245
21733,672768,0.9156
21756,673056,0.9242
21779,673344,0.9223
21804,673632,0.927
21831,673920,0.9312
21853,674208,0.9205
21879,674496,0.9293
21901,674784,0.9216
21925,675072,0.9247
21949,675360,0.9229
21972,675648,0.9212
21996,675936,0.9245
22019,676224,0.9217
22043,676512,0.925
22066,676800,0.9226
22090,677088,0.9253
22114,677376,0.925
22139,677664,0.9282
22164,677952,0.9275
22187,678240,0.922
22211,678528,0.924
22235,678816,0.9271
22259,679104,0.9229
22283,679392,0.926
22308,679680,0.928
22333,679968,0.9273
22356,680256,0.9242
22380,680544,0.9237
22404,680832,0.9237
22428,681120,0.9247
22452,681408,0.9276
22476,681696,0.9229
22498,681984,0.919
22524,682272,0.9305
22549,682560,0.9283
22571,682848,0.919
22595,683136,0.9237
22618,683424,0.922
22644,683712,0.9305
22666,684000,0.9193
22690,684288,0.924
22716,684576,0.9308
22739,684864,0.925
22764,685152,0.9255
22789,685440,0.9277
22813,685728,0.925
22837,686016,0.9247
22861,686304,0.9242
22884,686592,0.9239
22907,686880,0.9198
22929,687168,0.9182
22951,687456,0.9199
22974,687744,0.9201
23001,688032,0.9336
23024,688320,0.9212
23046,688608,0.9213
23071,688896,0.928
23095,689184,0.9245
23117,689472,0.917
23143,689760,0.9305
23167,690048,0.9255
23194,690336,0.9326
23218,690624,0.926
23241,690912,0.9201
23265,691200,0.9273
23290,691488,0.9255
23314,691776,0.9286
23339,692064,0.9252
23365,692352,0.9317
23389,692640,0.9266
23413,692928,0.9224
23434,693216,0.9158
23458,693504,0.9268
23482,693792,0.9221
23504,694080,0.9205
23528,694368,0.924
23552,694656,0.9242
23576,694944,0.9253
23600,695232,0.9255
23625,695520,0.929
23648,695808,0.9188
23672,696096,0.9258
23696,696384,0.9266
23721,696672,0.9258
23745,696960,0.925
23769,697248,0.9263
23793,697536,0.926
23818,697824,0.9285
23843,698112,0.9277
23864,698400,0.9155
23889,698688,0.9248
23914,698976,0.9285
23940,699264,0.93
23961,699552,0.9173
23984,699840,0.9215
24007,700128,0.9201
24033,700416,0.9298
24056,700704,0.9264
24079,700992,0.9198
24104,701280,0.9255
24128,701568,0.925
24152,701856,0.9255
24168,702144,0.9156
24189,702432,0.8884
24213,702720,0.9242
24231,703008,0.9049
24251,703296,0.9094
24272,703584,0.9143
24297,703872,0.9277
24319,704160,0.9159
24344,704448,0.9287
24368,704736,0.926
24393,705024,0.927
24418,705312,0.9272
24441,705600,0.9226
24465,705888,0.9245
24488,706176,0.9223
24514,706464,0.9315
24538,706752,0.9242
24563,707040,0.9287
24588,707328,0.9257
24612,707616,0.9255
24636,707904,0.9258
24658,708192,0.9188
24682,708480,0.9234
24706,708768,0.9247
24730,709056,0.925
24754,709344,0.925
24778,709632,0.9253
24801,709920,0.9247
24825,710208,0.925
24850,710496,0.9258
24872,710784,0.9199
24896,711072,0.9227
24910,711360,0.8674
24934,711648,0.9245
24959,711936,0.9272
24982,712224,0.9231
25007,712512,0.927
25030,712800,0.9212
25054,713088,0.9268
25076,713376,0.919
25102,713664,0.9308
25127,713952,0.926
25150,714240,0.922
25174,714528,0.9266
25198,714816,0.9237
25221,715104,0.9212
25245,715392,0.9263
25269,715680,0.9229
25291,715968,0.9205
25315,716256,0.9229
25339,716544,0.9253
25363,716832,0.9266
25388,717120,0.9282
25413,717408,0.9265
25438,717696,0.9283
25459,717984,0.9137
25483,718272,0.926
25504,718560,0.9143
25529,718848,0.9282
25554,719136,0.9275
25578,719424,0.9245
25601,719712,0.9226
25626,720000,0.9267
25648,720288,0.919
25669,720576,0.9149
25693,720864,0.9237
25713,721152,0.9113
25736,721440,0.9217
25759,721728,0.9236
25784,722016,0.9267
25807,722304,0.9207
25832,722592,0.9275
25857,722880,0.9287
25880,723168,0.9231
25904,723456,0.9237
25928,723744,0.9247
25953,724032,0.9293
25979,724320,0.931
26003,724608,0.9234
26028,724896,0.9285
26051,725184,0.9223
26077,725472,0.9293
26101,725760,0.9276
26125,726048,0.925
26149,726336,0.9232
26171,726624,0.9187
26195,726912,0.9247
26219,727200,0.9245
26244,727488,0.9277
26267,727776,0.9223
26292,728064,0.9308
26315,728352,0.9226
26343,728640,0.9321
26368,728928,0.9302
26392,729216,0.9232
26414,729504,0.9199
26440,729792,0.93
26466,730080,0.9298
26489,730368,0.9242
26512,730656,0.9212
26535,730944,0.9196
26560,731232,0.9303
26585,731520,0.926
26610,731808,0.9287
26635,732096,0.9303
26660,732384,0.9273
26685,732672,0.9282
26705,732960,0.9081
26727,733248,0.9168
26750,733536,0.9247
26774,733824,0.9229
26799,734112,0.929
26822,734400,0.9207
26846,734688,0.926
26870,734976,0.9253
26895,735264,0.9258
26919,735552,0.9258
26942,735840,0.9239
26965,736128,0.9204
26987,736416,0.9179
27012,736704,0.9287
27038,736992,0.9291
27062,737280,0.9253
27087,737568,0.9295
27112,737856,0.9287
27136,738144,0.9221
27161,738432,0.9295
27185,738720,0.9234
27209,739008,0.9255
27230,739296,0.9187
27257,739584,0.9317
27282,739872,0.9255
27305,740160,0.9217
27329,740448,0.926
27354,740736,0.9288
27379,741024,0.9272
27401,741312,0.9193
27424,741600,0.9226
27447,741888,0.9193
27472,742176,0.9287
27495,742464,0.9228
27517,742752,0.9193
27541,743040,0.9247
27563,743328,0.9185
27586,743616,0.9207
27609,743904,0.9231
27635,744192,0.9276
27660,744480,0.9292
27683,744768,0.9245
27706,745056,0.9196
27731,745344,0.9265
27754,745632,0.9247
27781,745920,0.9324
27804,746208,0.9201
27829,746496,0.9302
27853,746784,0.9224
27877,747072,0.9271
27901,747360,0.924
27926,747648,0.9267
27952,747936,0.9317
27976,748224,0.9237
27998,748512,0.9205
28023,748800,0.9262
28047,749088,0.926
28069,749376,0.9185
28093,749664,0.9245
28116,749952,0.9207
28142,750240,0.9312
28167,750528,0.9288
28192,750816,0.9307
28216,751104,0.9219
28238,751392,0.9205
28262,751680,0.9232
28288,751968,0.9303
28313,752256,0.9278
28335,752544,0.9185
28359,752832,0.9258
28383,753120,0.9258
28407,753408,0.9232
28432,753696,0.9315
28457,753984,0.9243
28482,754272,0.929
28508,754560,0.9296
28530,754848,0.919
28554,755136,0.925
28580,755424,0.93
28606,755712,0.9313
28629,756000,0.9212
28652,756288,0.9226
28665,756576,0.8548
28690,756864,0.929
28718,757152,0.9353
28743,757440,0.9287
28767,757728,0.925
28791,758016,0.9227
28814,758304,0.9247
28838,758592,0.9242
28861,758880,0.9217
28887,759168,0.9291
28908,759456,0.9179
28929,759744,0.9104
28955,760032,0.9322
28978,760320,0.9201
29002,760608,0.925
29023,760896,0.9146
29048,761184,0.928
29073,761472,0.9293
29096,761760,0.922
29120,762048,0.9247
29139,762336,0.9289
29158,762624,0.875
29181,762912,0.9242
29201,763200,0.9084
29228,763488,0.9338
29253,763776,0.9267
29275,764064,0.9176
29298,764352,0.9242
29322,764640,0.9232
29344,764928,0.9182
29367,765216,0.9228
29392,765504,0.9268
29415,765792,0.9228
29439,766080,0.9253
29465,766368,0.9291
29486,766656,0.9182
29511,766944,0.9255
29536,767232,0.927
29559,767520,0.925
29585,767808,0.9296
29607,768096,0.9193
29632,768384,0.9265
29655,768672,0.9226
29679,768960,0.9258
29699,769248,0.9112
29723,769536,0.9211
29748,769824,0.9283
29771,770112,0.9247
29795,770400,0.9227
29819,770688,0.9266
29844,770976,0.9265
29867,771264,0.9209
29889,771552,0.9199
29908,771840,0.9049
29928,772128,0.9094
29949,772416,0.9161
29973,772704,0.9237
29996,772992,0.9215
30021,773280,0.9297
30046,773568,0.9275
30070,773856,0.925
30092,774144,0.9162
30116,774432,0.9255
30128,774720,0.8547
30150,775008,0.9165
30172,775296,0.9199
30195,775584,0.9209
30220,775872,0.926
30243,776160,0.9236
30267,776448,0.924
30290,776736,0.9212
30313,777024,0.9261
30337,777312,0.9219
30361,777600,0.924
30385,777888,0.9268
30408,778176,0.9215
30431,778464,0.9217
30456,778752,0.927
30479,779040,0.9228
30503,779328,0.926
30528,779616,0.9283
30552,779904,0.9221
30575,780192,0.9228
30601,780480,0.9305
30626,780768,0.928
30650,781056,0.9247
30674,781344,0.9245
30700,781632,0.9308
30726,781920,0.9303
30752,782208,0.9308
30777,782496,0.928
30805,782784,0.9368
30831,783072,0.9298
30854,783360,0.922
30881,783648,0.9354
30906,783936,0.927
30930,784224,0.9247
30957,784512,0.9333
30981,784800,0.9247
31005,785088,0.9242
31029,785376,0.9268
31056,785664,0.9324
31082,785952,0.93
31103,786240,0.9152
31126,786528,0.9236
31151,786816,0.9255
31172,787104,0.9143
31194,787392,0.9185
31219,787680,0.928
31243,787968,0.925
31268,788256,0.9297
31291,788544,0.9198
31317,788832,0.9322
31344,789120,0.9322
31367,789408,0.9236
31393,789696,0.9293
31419,789984,0.9308
31442,790272,0.9212
31466,790560,0.9245
31490,790848,0.9263
31514,791136,0.924
31539,791424,0.928
31563,791712,0.9273
31590,792000,0.9313
31616,792288,0.9308
31639,792576,0.9245
31661,792864,0.9156
31684,793152,0.9217
31708,793440,0.9258
31732,793728,0.925
31757,794016,0.9278
31784,794304,0.9322
31808,794592,0.926
31833,794880,0.93
31859,795168,0.9284
31885,795456,0.9308
31909,795744,0.9258
31932,796032,0.9209
31955,796320,0.9245
31978,796608,0.922
32003,796896,0.927
32028,797184,0.9278
32052,797472,0.924
32077,797760,0.927
32099,798048,0.919
32123,798336,0.925
32149,798624,0.9303
32175,798912,0.9317
32200,799200,0.9277
32223,799488,0.9247
32245,799776,0.9162
32268,800064,0.9217
32292,800352,0.9237
32315,800640,0.9231
32339,800928,0.9242
32363,801216,0.9273
32386,801504,0.9207
32412,801792,0.9305
32437,802080,0.927
32460,802368,0.9212
32483,802656,0.9226
32508,802944,0.9267
32532,803232,0.9263
32557,803520,0.9278
32583,803808,0.9296
32606,804096,0.925
32630,804384,0.9232
32654,804672,0.9263
32678,804960,0.9242
32703,805248,0.9272
32726,805536,0.9253
32751,805824,0.9253
32775,806112,0.925
32800,806400,0.928
32823,806688,0.9217
32846,806976,0.9245
32872,807264,0.9279
32894,807552,0.919
32917,807840,0.9236
32943,808128,0.9288
32967,808416,0.9263
32991,808704,0.9221
33016,808992,0.9293
33042,809280,0.9305
33066,809568,0.924
33088,809856,0.9185
33113,810144,0.9303
33136,810432,0.9193
33159,810720,0.922
33183,811008,0.9245
33208,811296,0.9288
33231,811584,0.9245
33257,811872,0.9284
33279,812160,0.9185
33303,812448,0.9266
33326,812736,0.9209
33350,813024,0.9242
33374,813312,0.9273
33401,813600,0.9315
33426,813888,0.9272
33450,814176,0.9263
33474,814464,0.925
33497,814752,0.922
33522,815040,0.928
33547,815328,0.9275
33572,815616,0.927
33595,815904,0.9242
33619,816192,0.9227
33644,816480,0.9298
33670,816768,0.9298
33694,817056,0.9253
33718,817344,0.926
33743,817632,0.9277
33765,817920,0.9156
33790,818208,0.9285
33815,818496,0.9295
33839,818784,0.9229
33863,819072,0.9276
33887,819360,0.9242
33910,819648,0.9226
33937,819936,0.9329
33961,820224,0.9253
33986,820512,0.9285
34008,820800,0.917
34033,821088,0.9273
34056,821376,0.9226
34083,821664,0.9329
34106,821952,0.922
34130,822240,0.926
34154,822528,0.9227
34177,822816,0.9231
34202,823104,0.927
34225,823392,0.922
34250,823680,0.9275
34272,823968,0.9205
34295,824256,0.922
34321,824544,0.9308
34347,824832,0.93
34369,825120,0.9185
34396,825408,0.9322
34421,825696,0.93
34446,825984,0.9267
34470,826272,0.9237
34494,826560,0.9255
34517,826848,0.9226
34545,827136,0.9359
34572,827424,0.9331
34596,827712,0.9247
34622,828000,0.9298
34645,828288,0.9236
34671,828576,0.9291
34696,828864,0.9282
34720,829152,0.9245
34744,829440,0.9276
34769,829728,0.9272
34793,830016,0.9255
34816,830304,0.9231
34841,830592,0.9252
34867,830880,0.9317
34891,831168,0.9247
34915,831456,0.924
34938,831744,0.9212
34963,832032,0.93
34986,832320,0.9215
35011,832608,0.9275
35035,832896,0.9266
35058,833184,0.9212
35081,833472,0.9201
35104,833760,0.9226
35127,834048,0.9217
35151,834336,0.9247
35174,834624,0.9223
35201,834912,0.9322
35225,835200,0.9247
35250,835488,0.928
35273,835776,0.9236
35297,836064,0.9247
35320,836352,0.9223
35345,836640,0.9263
35370,836928,0.9277
35394,837216,0.925
35414,837504,0.9125
35438,837792,0.9232
35463,838080,0.9302
35486,838368,0.9204
35512,838656,0.9296
35535,838944,0.9215
35558,839232,0.9253
35583,839520,0.9262
35609,839808,0.931
35634,840096,0.9268
35657,840384,0.922
35680,840672,0.9212
35704,840960,0.925
35728,841248,0.9263
35751,841536,0.9209
35774,841824,0.9231
35799,842112,0.929
35824,842400,0.9273
35850,842688,0.9298
35873,842976,0.9228
35898,843264,0.9265
35923,843552,0.9277
35945,843840,0.9199
35966,844128,0.9137
35986,844416,0.91
36009,844704,0.9226
36033,844992,0.9229
36049,845280,0.8926
36074,845568,0.926
36099,845856,0.9282
36126,846144,0.934
36149,846432,0.9207
36160,846720,0.8307
36186,847008,0.9293
36206,847296,0.9134
36229,847584,0.9185
36254,847872,0.9292
36281,848160,0.9331
36307,848448,0.9286
36330,848736,0.9223
36355,849024,0.9275
36378,849312,0.9231
36400,849600,0.9193
36423,849888,0.9212
36446,850176,0.9231
36472,850464,0.9279
36495,850752,0.9247
36509,851040,0.9268
36523,851328,0.7969
36547,851616,0.925
36570,851904,0.9226
36593,852192,0.9215
36618,852480,0.9282
36643,852768,0.929
36665,853056,0.9205
36688,853344,0.9193
36713,853632,0.9268
36734,853920,0.9143
36758,854208,0.9247
36781,854496,0.9234
36805,854784,0.9234
36829,855072,0.9271
36855,855360,0.9317
36879,855648,0.9221
36904,855936,0.9287
36929,856224,0.9282
36953,856512,0.9266
36977,856800,0.9221
37003,857088,0.9317
37028,857376,0.9302
37052,857664,0.9237
37077,857952,0.927
37101,858240,0.9245
37125,858528,0.926
37150,858816,0.928
37174,859104,0.925
37201,859392,0.9319
37225,859680,0.9258
37249,859968,0.9266
37273,860256,0.9253
37296,860544,0.9201
37318,860832,0.919
37342,861120,0.9258
37366,861408,0.9247
37391,861696,0.9267
37413,861984,0.9179
37436,862272,0.9217
37457,862560,0.9179
37482,862848,0.9262
37507,863136,0.9263
37530,863424,0.9239
37555,863712,0.9265
37577,864000,0.9202
37602,864288,0.9285
37624,864576,0.9168
37646,864864,0.9179
37668,865152,0.9182
37694,865440,0.9334
37716,865728,0.9153
37741,866016,0.9287
37765,866304,0.9229
37786,866592,0.9155
37810,866880,0.9247
37834,867168,0.9247
37859,867456,0.9273
37881,867744,0.9219
37906,868032,0.925
37931,868320,0.9287
37953,868608,0.9188
37977,868896,0.9247
38001,869184,0.9266
38026,869472,0.925
38050,869760,0.9255
38075,870048,0.9283
38099,870336,0.9281
38122,870624,0.9182
38147,870912,0.9295
38172,871200,0.928
38195,871488,0.9215
38220,871776,0.9293
38245,872064,0.9252
38268,872352,0.9231
38296,872640,0.9344
38322,872928,0.9325
38347,873216,0.9295
38372,873504,0.9255
38397,873792,0.9275
38420,874080,0.9234
38444,874368,0.9263
38470,874656,0.9281
38493,874944,0.9217
38517,875232,0.9247
38543,875520,0.9313
38567,875808,0.9263
38592,876096,0.9265
38617,876384,0.931
38641,876672,0.9224
38668,876960,0.9333
38694,877248,0.9308
38717,877536,0.9228
38742,877824,0.9263
38767,878112,0.929
38792,878400,0.9285
38819,878688,0.9331
38847,878976,0.9359
38872,879264,0.9285
38896,879552,0.9242
38922,879840,0.9317
38946,880128,0.9229
38969,880416,0.9234
38994,880704,0.9263
39019,880992,0.9285
39042,881280,0.9226
39066,881568,0.9247
39092,881856,0.9305
39114,882144,0.9205
39138,882432,0.924
39160,882720,0.917
39185,883008,0.9285
39209,883296,0.924
39231,883584,0.9193
39253,883872,0.919
39278,884160,0.9265
39302,884448,0.9263
39326,884736,0.9253
39351,885024,0.9283
39374,885312,0.9207
39398,885600,0.9253
39421,885888,0.9201
39443,886176,0.9193
39468,886464,0.9272
39491,886752,0.9226
39516,887040,0.9287
39540,887328,0.9255
39565,887616,0.9267
39590,887904,0.9285
39614,888192,0.9234
39638,888480,0.9266
39661,888768,0.9236
39685,889056,0.924
39708,889344,0.9212
39732,889632,0.9242
39757,889920,0.9275
39780,890208,0.9223
39804,890496,0.9263
39827,890784,0.9193
39849,891072,0.919
39873,891360,0.9242
39898,891648,0.9293
39921,891936,0.9217
39943,892224,0.9193
39969,892512,0.9291
39992,892800,0.9215
40017,893088,0.9282
40041,893376,0.9255
40065,893664,0.9255
40089,893952,0.9237
40115,894240,0.9327
40141,894528,0.9288
40163,894816,0.9196
40188,895104,0.9303
40213,895392,0.9257
40236,895680,0.9226
40260,895968,0.9268
40286,896256,0.9288
40311,896544,0.9267
40333,896832,0.921
40358,897120,0.9267
40382,897408,0.925
40407,897696,0.9265
40431,897984,0.9253
40454,898272,0.9253
40480,898560,0.9269
40505,898848,0.9307
40530,899136,0.9277
40554,899424,0.9234
40577,899712,0.9223
40601,900000,0.9258
40624,900288,0.9226
40647,900576,0.9212
40670,900864,0.919
40691,901152,0.917
40716,901440,0.9265
40742,901728,0.9305
40766,902016,0.9276
40790,902304,0.9229
40816,902592,0.931
40837,902880,0.9152
40861,903168,0.9242
40885,903456,0.9263
40909,903744,0.9242
40933,904032,0.9237
40955,904320,0.9193
40978,904608,0.9209
41003,904896,0.9295
41025,905184,0.917
41050,905472,0.9293
41073,905760,0.9226
41086,906048,0.8481
41110,906336,0.9255
41133,906624,0.922
41159,906912,0.9315
41183,907200,0.925
41209,907488,0.9296
41232,907776,0.9228
41259,908064,0.9319
41285,908352,0.9317
41309,908640,0.9253
41331,908928,0.9173
41356,909216,0.9278
41380,909504,0.9255
41404,909792,0.9255
41427,910080,0.9212
41448,910368,0.9149
41472,910656,0.9247
41495,910944,0.922
41519,911232,0.9245
41543,911520,0.9263
41568,911808,0.9263
41591,912096,0.9217
41614,912384,0.925
41640,912672,0.9303
41665,912960,0.9263
41688,913248,0.9212
41709,913536,0.9247
41733,913824,0.9167
41757,914112,0.9273
41777,914400,0.9116
41802,914688,0.9235
41825,914976,0.9247
41848,915264,0.9198
41874,915552,0.9308
41898,915840,0.9266
41920,916128,0.9179
41944,916416,0.9237
41969,916704,0.927
41994,916992,0.929
42020,917280,0.9298
42041,917568,0.9143
42065,917856,0.9279
42089,918144,0.9242
42114,918432,0.9272
42138,918720,0.9234
42162,919008,0.925
42186,919296,0.9253
42208,919584,0.9196
42230,919872,0.9185
42254,920160,0.9242
42277,920448,0.9242
42303,920736,0.9276
42327,921024,0.9271
42351,921312,0.9258
42376,921600,0.9272
42402,921888,0.9293
42425,922176,0.9234
42450,922464,0.927
42475,922752,0.9283
42498,923040,0.9215
42524,923328,0.93
42546,923616,0.919
42572,923904,0.9308
42596,924192,0.9271
42620,924480,0.9245
42644,924768,0.9255
42669,925056,0.926
42695,925344,0.9315
42719,925632,0.9232
42744,925920,0.9283
42768,926208,0.9253
42793,926496,0.9288
42817,926784,0.9247
42842,927072,0.9272
42868,927360,0.9308
42892,927648,0.9253
42915,927936,0.9226
42942,928224,0.9322
42968,928512,0.9315
42991,928800,0.9215
43014,929088,0.9242
43039,929376,0.926
43065,929664,0.9308
43091,929952,0.9313
43116,930240,0.9272
43140,930528,0.9276
43164,930816,0.9227
43187,931104,0.9239
43213,931392,0.9291
43239,931680,0.932
43263,931968,0.9247
43286,932256,0.9215
43310,932544,0.925
43333,932832,0.9231
43358,933120,0.9275
43382,933408,0.9247
43406,933696,0.9229
43430,933984,0.9266
43457,934272,0.9317
43481,934560,0.9268
43506,934848,0.9277
43530,935136,0.925
43556,935424,0.9317
43582,935712,0.9291
43610,936000,0.9355
43636,936288,0.9303
43660,936576,0.9263
43683,936864,0.9226
43706,937152,0.9217
43729,937440,0.9198
43753,937728,0.926
43777,938016,0.9253
43800,938304,0.9209
43825,938592,0.9283
43850,938880,0.929
43874,939168,0.924
43897,939456,0.9217
43919,939744,0.9193
43943,940032,0.9229
43967,940320,0.9263
43992,940608,0.93
44018,940896,0.9281
44042,941184,0.9253
44066,941472,0.925
44093,941760,0.9354
44117,942048,0.9245
44142,942336,0.9268
44166,942624,0.926
44190,942912,0.9229
44216,943200,0.9317
44241,943488,0.9295
44263,943776,0.9176
44288,944064,0.9273
44312,944352,0.9242
44337,944640,0.9295
44362,944928,0.9257
44378,945216,0.8891
44404,945504,0.9298
44429,945792,0.929
44454,946080,0.927
44476,946368,0.921
44501,946656,0.929
44523,946944,0.9159
44546,947232,0.9226
44570,947520,0.9234
44594,947808,0.9276
44618,948096,0.9229
44642,948384,0.9237
44667,948672,0.931
44694,948960,0.9308
44717,949248,0.9236
44740,949536,0.9207
44763,949824,0.9234
44787,950112,0.924
44812,950400,0.9265
44835,950688,0.9223
44860,950976,0.9287
44884,951264,0.9245
44906,951552,0.9193
44928,951840,0.9185
44950,952128,0.9173
44974,952416,0.9237
44998,952704,0.9255
45023,952992,0.9287
45047,953280,0.9255
45073,953568,0.9303
45099,953856,0.9317
45124,954144,0.9298
45148,954432,0.9242
45174,954720,0.9286
45196,955008,0.9219
45220,955296,0.9206
45244,955584,0.9255
45270,955872,0.9303
45293,956160,0.9231
45320,956448,0.9324
45344,956736,0.9266
45367,957024,0.9201
45391,957312,0.9279
45414,957600,0.9201
45438,957888,0.9237
45463,958176,0.9308
45487,958464,0.9221
45513,958752,0.9317
45537,959040,0.9242
45561,959328,0.9255
45585,959616,0.9268
45610,959904,0.9265
45633,960192,0.9234
45660,960480,0.9329
45686,960768,0.9291
45710,961056,0.926
45735,961344,0.9278
45758,961632,0.9215
45783,961920,0.928
45805,962208,0.9205
45828,962496,0.9193
45854,962784,0.9313
45878,963072,0.9258
45902,963360,0.9263
45925,963648,0.9204
45949,963936,0.9234
45974,964224,0.9275
45998,964512,0.9258
46021,964800,0.9215
46047,965088,0.932
46072,965376,0.9278
46098,965664,0.93
46121,965952,0.9223
46145,966240,0.9284
46170,966528,0.9235
46193,966816,0.922
46216,967104,0.9253
46239,967392,0.9193
46263,967680,0.926
46286,967968,0.9245
46313,968256,0.9303
46336,968544,0.9226
46362,968832,0.9291
46386,969120,0.9284
46409,969408,0.9193
46435,969696,0.9334
46460,969984,0.9263
46483,970272,0.9212
46508,970560,0.9275
46532,970848,0.926
46557,971136,0.927
46582,971424,0.927
46607,971712,0.9295
46629,972000,0.9188
46650,972288,0.9152
46672,972576,0.9148
46695,972864,0.9236
46717,973152,0.919
46738,973440,0.9119
46762,973728,0.9268
46788,974016,0.9286
46814,974304,0.9305
46837,974592,0.9234
46860,974880,0.9207
46886,975168,0.9312
46909,975456,0.9209
46931,975744,0.9193
46953,976032,0.919
46978,976320,0.926
47000,976608,0.9202
47026,976896,0.9291
47048,977184,0.9224
47072,977472,0.9211
47093,977760,0.9149
47113,978048,0.9125
47134,978336,0.9131
47157,978624,0.9234
47179,978912,0.9153
47197,979200,0.9035
47220,979488,0.9198
47239,979776,0.9082
47261,980064,0.9179
47283,980352,0.9182
47308,980640,0.925
47328,980928,0.9125
47352,981216,0.9229
47372,981504,0.9106
47387,981792,0.9308
47405,982080,0.8785
47427,982368,0.8983
47451,982656,0.9237
47475,982944,0.924
47499,983232,0.9263
47521,983520,0.917
47543,983808,0.9202
47567,984096,0.9255
47592,984384,0.9265
47606,984672,0.8647
47630,984960,0.9245
47653,985248,0.9226
47667,985536,0.9277
47691,985824,0.8885
47715,986112,0.9237
47737,986400,0.9207
47762,986688,0.9255
47784,986976,0.9179
47800,987264,0.8926
47825,987552,0.9255
47838,987840,0.8591
47860,988128,0.917
47885,988416,0.9273
47909,988704,0.9232
47933,988992,0.925
47956,989280,0.9239
47978,989568,0.9156
48003,989856,0.9285
48028,990144,0.9295
48052,990432,0.9258
48076,990720,0.9234
48098,991008,0.9168
48123,991296,0.9283
48149,991584,0.9315
48173,991872,0.9263
48198,992160,0.9273
48222,992448,0.9263
48244,992736,0.9159
48266,993024,0.9199
48290,993312,0.9242
48312,993600,0.9202
48337,993888,0.9247
48360,994176,0.9245
48381,994464,0.9128
48405,994752,0.9237
48427,995040,0.923
48451,995328,0.9221
48477,995616,0.9305
48502,995904,0.927
48526,996192,0.9263
48553,996480,0.9319
48577,996768,0.9276
48602,997056,0.9257
48625,997344,0.9217
48650,997632,0.9283
48673,997920,0.9226
48699,998208,0.9296
48721,998496,0.9196
48747,998784,0.93
48772,999072,0.9297
48797,999360,0.9277
48820,999648,0.9226
48845,999936,0.9265
